{"payload":{"file_name":"/Users/brettyoung/Desktop/dev_24/tutorials/bench/wandb/tools/bench/bench_comet.py","message_id":1},"type":"file_name"}
{"payload":{"additional_params":{"assetId":"20d9797230bc488f9e89a7995d8bf7b0","context":null,"extension":"py","fileName":"/Users/brettyoung/Desktop/dev_24/tutorials/bench/wandb/tools/bench/./bench_comet.py","overwrite":false,"runId":null,"step":null,"type":"source_code"},"clean":true,"file_path":"tmpiy34vf93","local_timestamp":1721812918200,"message_id":2,"metadata":{"source_code_type":"experiment_creation"},"upload_type":"source_code"},"type":"file_upload"}
{"payload":{"installed_packages":["absl-py==1.4.0","accelerate==0.30.0","ai2-olmo==0.3.0","aiofiles==23.2.1","aiohttp==3.9.1","aioprocessing==2.0.1","aiosignal==1.3.1","alembic==1.13.2","altgraph==0.17.3","analytics-python==1.2.9","aniso8601==9.0.1","annotated-types==0.6.0","anthropic==0.31.0","antlr4-python3-runtime==4.9.3","anyio==3.7.1","appdirs==1.4.4","appnope==0.1.3","argon2-cffi==23.1.0","argon2-cffi-bindings==21.2.0","arrow==1.3.0","asn1crypto==1.5.1","asttokens==2.4.1","astunparse==1.6.3","async-lru==2.0.4","async-timeout==4.0.3","attrs==23.1.0","awscli==1.29.62","awsgi==0.0.5","babel==2.13.1","backoff==2.2.1","banana-cli==0.0.15","bcrypt==4.0.1","beartype==0.18.5","beautifulsoup4==4.12.2","bitsandbytes==0.42.0","black==23.12.1","bleach==6.1.0","bleurt==0.0.2","blinker==1.6.2","blis==0.7.11","blobfile==2.1.1","boltons==23.0.0","boto3==1.28.25","botocore==1.31.62","brotli==1.1.0","brotlipy==0.7.0","bs4==0.0.1","cachecontrol==0.13.1","cached_path==1.6.2","cachetools==5.3.1","catalogue==2.0.10","certifi==2022.12.7","certifi==2023.5.7","cffi==1.15.1","cfn-flip==1.3.0","cfn-tools==0.1.6","chardet==4.0.0","charset-normalizer==3.1.0","chevron==0.14.0","choline==0.1.1","click==8.1.3","cloudevents==1.9.0","cloudpathlib==0.16.0","cloudpickle==2.2.1","colorama==0.4.4","coloredlogs==15.0.1","comet-ml==3.44.2","comm==0.2.0","commentjson==0.9.0","conda==23.7.2","conda-content-trust==0.1.3","conda-package-handling==2.0.2","conda_package_streaming==0.7.0","confection==0.1.4","configobj==5.0.8","contextlib2==21.6.0","contourpy==1.1.0","cryptography==39.0.1","customtkinter==5.2.2","cycler==0.10.0","cymem==2.0.8","darkdetect==0.8.0","dataclasses-json==0.6.3","datasets==2.14.5","datetime==5.1","debugpy==1.8.0","decorator==4.4.2","defusedxml==0.7.1","deprecated==1.2.14","deprecation==2.1.0","dill==0.3.7","distro==1.8.0","dm-tree==0.1.8","docker==7.1.0","docker-pycreds==0.4.0","docstring-parser==0.15","docutils==0.16","dulwich==0.22.1","einops==0.7.0","emoji==2.12.1","entrypoints==0.4","evals==1.0.3.post1","evaluate==0.4.2","everett==3.1.0","exceptiongroup==1.1.2","executing==2.0.1","faiss-cpu==1.7.4","farama-notifications==0.0.4","fastjsonschema==2.19.0","feedparser==6.0.11","filelock==3.12.2","fire==0.5.0","firebase==4.0.1","firebase-admin==6.2.0","firebase-functions==0.1.1","flask==2.3.2","flask-cors==4.0.0","flatbuffers==23.5.26","fonttools==4.40.0","fqdn==1.5.1","frozenlist==1.4.0","fsspec==2023.6.0","functions-framework==3.4.0","gast==0.4.0","gateloop-transformer==0.2.4","gensim==4.3.2","gitdb==4.0.10","gitpython==3.1.31","google-ai-generativelanguage==0.6.4","google-api-core==2.11.1","google-api-python-client==2.93.0","google-auth==2.21.0","google-auth-httplib2==0.1.0","google-auth-oauthlib==1.0.0","google-cloud-aiplatform==1.38.1","google-cloud-bigquery==3.14.1","google-cloud-billing==1.11.5","google-cloud-compute==1.14.1","google-cloud-core==2.3.2","google-cloud-firestore==2.11.1","google-cloud-resource-manager==1.11.0","google-cloud-storage==2.10.0","google-cloud-texttospeech==2.14.1","google-crc32c==1.5.0","google-events==0.9.0","google-generativeai==0.6.0","google-pasta==0.2.0","google-resumable-media==2.5.0","googleapis-common-protos==1.59.1","gpt3-package==0.1","gpt4all==0.3.6","gql==3.5.0","graphene==3.3","graphql-core==3.2.3","graphql-relay==3.2.0","greenlet==3.0.3","grpc-google-iam-v1==0.12.6","grpcio==1.56.0","grpcio-status==1.56.0","gunicorn==20.1.0","gym==0.26.2","gym-notices==0.0.8","gymnasium==0.29.1","h11==0.14.0","h5py==3.9.0","httpcore==1.0.2","httplib2==0.22.0","httptools==0.6.0","httpx==0.25.2","huggingface-hub==0.21.4","humanfriendly==10.0","hydra-core==1.3.2","idna==2.10","imageio==2.31.1","imageio-ffmpeg==0.4.8","importlib==1.0.4","importlib-metadata==6.8.0","iniconfig==2.0.0","install==1.3.5","ipykernel==6.27.1","ipynbname==2023.2.0.0","ipython==8.25.0","ipywidgets==8.1.1","isoduration==20.11.0","itransformer==0.5.5","itsdangerous==2.1.2","janus==1.0.0","jaraco.classes==3.3.0","jedi==0.19.1","jinja2==3.1.2","jiter==0.4.2","jiwer==3.0.3","jmespath==1.0.1","joblib==1.3.1","json5==0.9.14","jsonpatch==1.33","jsonpointer==2.1","jsonschema==4.21.1","jsonschema-specifications==2023.11.2","jupyter==1.0.0","jupyter-console==6.6.3","jupyter-events==0.9.0","jupyter-lsp==2.2.1","jupyter_client==8.6.0","jupyter_core==5.5.0","jupyter_server==2.12.1","jupyter_server_terminals==0.4.4","jupyterlab==4.0.9","jupyterlab-widgets==3.0.9","jupyterlab_pygments==0.3.0","jupyterlab_server==2.25.2","keras==2.13.1rc0","keyboard==0.13.5","keyring==24.2.0","kiwisolver==1.4.4","langchain==0.2.3","langchain-community==0.2.4","langchain-core==0.2.5","langchain-google-genai==1.0.6","langchain-text-splitters==0.2.1","langcodes==3.3.0","langdetect==1.0.9","langsmith==0.1.77","lark-parser==0.7.8","libclang==16.0.0","llama-index==0.9.34","llm2vec==0.1.6","llvmlite==0.41.1","lxml==4.9.3","lz4==4.3.2","macholib==1.16.2","mako==1.3.5","markdown==3.4.3","markdown-it-py==3.0.0","markupsafe==2.1.3","marshmallow==3.20.1","matplotlib==3.7.2","matplotlib-inline==0.1.6","mdurl==0.1.2","mistral_common==1.2.1","mistralai==0.4.2","mistune==3.0.2","mlflow==2.14.3","mock==5.1.0","more-itertools==10.1.0","moviepy==1.0.3","mpmath==1.3.0","msgpack==1.0.5","multidict==6.0.4","multiprocess==0.70.15","murmurhash==1.0.10","mutagen==1.47.0","mypy==1.7.1","mypy-extensions==1.0.0","nbclient==0.9.0","nbconvert==7.12.0","nbformat==5.9.2","nest-asyncio==1.5.8","networkx==3.1","nh3==0.2.14","nltk==3.8.1","notebook==7.0.6","notebook_shim==0.2.3","numba==0.58.1","numexpr==2.8.7","numpy==1.25.0","oauthlib==3.2.2","objgraph==3.6.0","ollama==0.1.6","omegaconf==2.3.0","onnx==1.14.0","onnx-tf==1.10.0","onnxruntime==1.18.0","openai==1.34.0","openai-whisper==20231117","opencv-python==4.7.0.72","opencv-python-headless==4.8.0.76","opentelemetry-api==1.25.0","opentelemetry-sdk==1.25.0","opentelemetry-semantic-conventions==0.46b0","opt-einsum==3.3.0","orjson==3.10.4","outcome==1.2.0","overrides==7.4.0","packaging==23.2","pafy==0.5.5","pandas==2.0.3","pandocfilters==1.5.0","paramiko==3.3.1","parso==0.8.3","pathspec==0.12.1","pathtools==0.1.2","patsy==0.5.4","peft==0.10.0","pexpect==4.9.0","pillow==10.1.0","pip==24.0","pkginfo==1.9.6","platformdirs==3.11.0","pluggy==1.0.0","ply==3.11","polars==0.20.13","portalocker==2.8.2","praw==7.7.1","prawcore==2.4.0","preshed==3.0.9","proglog==0.1.10","prometheus-client==0.19.0","prompt-toolkit==3.0.41","proto-plus==1.22.3","protobuf==4.23.3","psutil==5.9.5","ptyprocess==0.7.0","pure-eval==0.2.2","py-cpuinfo==9.0.0","pyarrow==15.0.0","pyasn1==0.5.0","pyasn1-modules==0.3.0","pybboxes==0.1.6","pycosat==0.6.4","pycparser==2.21","pycryptodomex==3.19.0","pydantic==2.6.1","pydantic_core==2.16.2","pydub==0.25.1","pygame==2.5.2","pyglet==2.0.14","pygments==2.16.1","pyinstaller==5.13.0","pyinstaller-hooks-contrib==2023.6","pyjwt==2.7.0","pynacl==1.5.0","pynndescent==0.5.11","pynput==1.7.6","pynvml==11.5.0","pyobjc==9.2","pyobjc-core==9.2","pyobjc-framework-accessibility==9.2","pyobjc-framework-accounts==9.2","pyobjc-framework-addressbook==9.2","pyobjc-framework-adservices==9.2","pyobjc-framework-adsupport==9.2","pyobjc-framework-applescriptkit==9.2","pyobjc-framework-applescriptobjc==9.2","pyobjc-framework-applicationservices==9.2","pyobjc-framework-apptrackingtransparency==9.2","pyobjc-framework-audiovideobridging==9.2","pyobjc-framework-authenticationservices==9.2","pyobjc-framework-automaticassessmentconfiguration==9.2","pyobjc-framework-automator==9.2","pyobjc-framework-avfoundation==9.2","pyobjc-framework-avkit==9.2","pyobjc-framework-avrouting==9.2","pyobjc-framework-backgroundassets==9.2","pyobjc-framework-businesschat==9.2","pyobjc-framework-calendarstore==9.2","pyobjc-framework-callkit==9.2","pyobjc-framework-cfnetwork==9.2","pyobjc-framework-classkit==9.2","pyobjc-framework-cloudkit==9.2","pyobjc-framework-cocoa==9.2","pyobjc-framework-collaboration==9.2","pyobjc-framework-colorsync==9.2","pyobjc-framework-contacts==9.2","pyobjc-framework-contactsui==9.2","pyobjc-framework-coreaudio==9.2","pyobjc-framework-coreaudiokit==9.2","pyobjc-framework-corebluetooth==9.2","pyobjc-framework-coredata==9.2","pyobjc-framework-corehaptics==9.2","pyobjc-framework-corelocation==9.2","pyobjc-framework-coremedia==9.2","pyobjc-framework-coremediaio==9.2","pyobjc-framework-coremidi==9.2","pyobjc-framework-coreml==9.2","pyobjc-framework-coremotion==9.2","pyobjc-framework-coreservices==9.2","pyobjc-framework-corespotlight==9.2","pyobjc-framework-coretext==9.2","pyobjc-framework-corewlan==9.2","pyobjc-framework-cryptotokenkit==9.2","pyobjc-framework-datadetection==9.2","pyobjc-framework-devicecheck==9.2","pyobjc-framework-dictionaryservices==9.2","pyobjc-framework-discrecording==9.2","pyobjc-framework-discrecordingui==9.2","pyobjc-framework-diskarbitration==9.2","pyobjc-framework-dvdplayback==9.2","pyobjc-framework-eventkit==9.2","pyobjc-framework-exceptionhandling==9.2","pyobjc-framework-executionpolicy==9.2","pyobjc-framework-extensionkit==9.2","pyobjc-framework-externalaccessory==9.2","pyobjc-framework-fileprovider==9.2","pyobjc-framework-fileproviderui==9.2","pyobjc-framework-findersync==9.2","pyobjc-framework-fsevents==9.2","pyobjc-framework-gamecenter==9.2","pyobjc-framework-gamecontroller==9.2","pyobjc-framework-gamekit==9.2","pyobjc-framework-gameplaykit==9.2","pyobjc-framework-healthkit==9.2","pyobjc-framework-imagecapturecore==9.2","pyobjc-framework-imserviceplugin==9.2","pyobjc-framework-inputmethodkit==9.2","pyobjc-framework-installerplugins==9.2","pyobjc-framework-instantmessage==9.2","pyobjc-framework-intents==9.2","pyobjc-framework-intentsui==9.2","pyobjc-framework-iobluetooth==9.2","pyobjc-framework-iobluetoothui==9.2","pyobjc-framework-iosurface==9.2","pyobjc-framework-ituneslibrary==9.2","pyobjc-framework-kernelmanagement==9.2","pyobjc-framework-latentsemanticmapping==9.2","pyobjc-framework-launchservices==9.2","pyobjc-framework-libdispatch==9.2","pyobjc-framework-libxpc==9.2","pyobjc-framework-linkpresentation==9.2","pyobjc-framework-localauthentication==9.2","pyobjc-framework-localauthenticationembeddedui==9.2","pyobjc-framework-mailkit==9.2","pyobjc-framework-mapkit==9.2","pyobjc-framework-mediaaccessibility==9.2","pyobjc-framework-medialibrary==9.2","pyobjc-framework-mediaplayer==9.2","pyobjc-framework-mediatoolbox==9.2","pyobjc-framework-metal==9.2","pyobjc-framework-metalfx==9.2","pyobjc-framework-metalkit==9.2","pyobjc-framework-metalperformanceshaders==9.2","pyobjc-framework-metalperformanceshadersgraph==9.2","pyobjc-framework-metrickit==9.2","pyobjc-framework-mlcompute==9.2","pyobjc-framework-modelio==9.2","pyobjc-framework-multipeerconnectivity==9.2","pyobjc-framework-naturallanguage==9.2","pyobjc-framework-netfs==9.2","pyobjc-framework-network==9.2","pyobjc-framework-networkextension==9.2","pyobjc-framework-notificationcenter==9.2","pyobjc-framework-opendirectory==9.2","pyobjc-framework-osakit==9.2","pyobjc-framework-oslog==9.2","pyobjc-framework-passkit==9.2","pyobjc-framework-pencilkit==9.2","pyobjc-framework-phase==9.2","pyobjc-framework-photos==9.2","pyobjc-framework-photosui==9.2","pyobjc-framework-preferencepanes==9.2","pyobjc-framework-pushkit==9.2","pyobjc-framework-quartz==9.2","pyobjc-framework-quicklookthumbnailing==9.2","pyobjc-framework-replaykit==9.2","pyobjc-framework-safariservices==9.2","pyobjc-framework-safetykit==9.2","pyobjc-framework-scenekit==9.2","pyobjc-framework-screencapturekit==9.2","pyobjc-framework-screensaver==9.2","pyobjc-framework-screentime==9.2","pyobjc-framework-scriptingbridge==9.2","pyobjc-framework-searchkit==9.2","pyobjc-framework-security==9.2","pyobjc-framework-securityfoundation==9.2","pyobjc-framework-securityinterface==9.2","pyobjc-framework-servicemanagement==9.2","pyobjc-framework-sharedwithyou==9.2","pyobjc-framework-sharedwithyoucore==9.2","pyobjc-framework-shazamkit==9.2","pyobjc-framework-social==9.2","pyobjc-framework-soundanalysis==9.2","pyobjc-framework-speech==9.2","pyobjc-framework-spritekit==9.2","pyobjc-framework-storekit==9.2","pyobjc-framework-syncservices==9.2","pyobjc-framework-systemconfiguration==9.2","pyobjc-framework-systemextensions==9.2","pyobjc-framework-threadnetwork==9.2","pyobjc-framework-uniformtypeidentifiers==9.2","pyobjc-framework-usernotifications==9.2","pyobjc-framework-usernotificationsui==9.2","pyobjc-framework-videosubscriberaccount==9.2","pyobjc-framework-videotoolbox==9.2","pyobjc-framework-virtualization==9.2","pyobjc-framework-vision==9.2","pyobjc-framework-webkit==9.2","pyopenssl==23.0.0","pyparsing==2.4.7","pypdf2==3.0.1","pyqt5==5.15.11","pyqt5-qt5==5.15.14","pyqt5_sip==12.15.0","pyqtwebengine==5.15.7","pyqtwebengine-qt5==5.15.14","pyserial==3.5","pysocks==1.7.1","pytest==7.4.3","pytest-asyncio==0.21.1","pythainlp==5.0.4","python-box==6.1.0","python-dateutil==2.8.2","python-dotenv==1.0.0","python-json-logger==2.0.7","python-vlc==3.0.18122","pytube==15.0.0","pytube3==9.6.4","pytubefix==6.0.0","pytz==2023.3","pyyaml==6.0","pyzmq==25.1.2","pyzstd==0.15.9","qtconsole==5.5.1","qtpy==2.4.1","querystring-parser==1.2.4","rapidfuzz==3.5.2","readme-renderer==42.0","referencing==0.32.0","regex==2023.6.3","requests==2.32.3","requests-oauthlib==1.3.1","requests-toolbelt==1.0.0","rfc3339-validator==0.1.4","rfc3986==2.0.0","rfc3986-validator==0.1.1","rich==13.7.0","roboflow==1.1.2","rotary-embedding-torch==0.5.3","rouge-score==0.1.2","rpds-py==0.13.2","rsa==4.7.2","ruamel.yaml==0.17.21","ruamel.yaml.clib==0.2.6","s3transfer==0.6.2","sacrebleu==2.3.3","safetensors==0.4.3","sahi==0.11.14","schema==0.7.5","scikit-learn==1.3.0","scipy==1.11.1","scp==0.14.5","seaborn==0.12.2","selenium==4.11.2","semantic-version==2.10.0","send2trash==1.8.2","sentence-transformers==2.2.2","sentencepiece==0.1.99","sentry-sdk==1.28.1","setproctitle==1.3.2","setuptools==65.6.3","sgmllib3k==1.0.0","shapely==2.0.1","shtab==1.6.4","simplejson==3.19.2","sip==6.6.2","six==1.16.0","smart-open==6.4.0","smmap==5.0.0","sniffio==1.3.0","snowflake-connector-python==3.6.0","sortedcontainers==2.4.0","soupsieve==2.4.1","spacy==3.7.2","spacy-legacy==3.0.12","spacy-loggers==1.0.5","spacy-universal-sentence-encoder==0.4.6","spotml==0.0.11","sqlalchemy==2.0.23","sqlparse==0.5.1","srsly==2.4.8","stack-data==0.6.3","statsmodels==0.14.0","supervision==0.13.0","sympy==1.12","tabulate==0.9.0","tenacity==8.3.0","tensorboard==2.13.0","tensorboard-data-server==0.7.1","tensorboard-plugin-wit==1.8.1","tensorflow==2.13.0rc1","tensorflow-addons==0.21.0","tensorflow-estimator==2.13.0rc0","tensorflow-hub==0.15.0","tensorflow-macos==2.13.0rc1","tensorflow-probability==0.21.0","termcolor==2.3.0","terminado==0.18.0","terminaltables==3.1.10","tf-slim==1.1.0","thai-tokenizer==0.2.5","thinc==8.2.1","thop==0.1.1-2209072238","threadpoolctl==3.1.0","tiktoken==0.4.0","timm==0.9.5","tinycss2==1.2.1","tk==0.1.0","tokenizers==0.19.1","toml==0.10.2","tomli==2.0.1","tomlkit==0.12.3","toolz==0.12.0","torch==2.1.0","torchao==0.1","torchtune==0.0.0","torchvision==0.16.0","tornado==6.4","tqdm==4.65.0","traitlets==5.14.0","transformers==4.40.1","trio==0.22.1","trio-websocket==0.10.3","trl==0.8.6","twine==4.0.2","typeguard==4.1.5","typer==0.9.0","types-python-dateutil==2.8.19.14","types-pyyaml==6.0.12.12","typing-inspect==0.9.0","typing_extensions==4.12.2","tyro==0.8.3","tzdata==2023.3","tzlocal==5.1","ultralytics==8.2.50","ultralytics-thop==2.0.0","umap-learn==0.5.5","update-checker==0.18.0","uri-template==1.3.0","uritemplate==4.1.1","urllib3==1.26.19","urllib3-secure-extra==0.1.0","uvloop==0.17.0","vastai==0.1.7","vertexai==0.0.1","wandb==0.17.4","wasabi==1.1.2","watchdog==3.0.0","wcwidth==0.2.12","weasel==0.3.4","weave==0.50.9","webcolors==1.13","webencodings==0.5.1","websocket-client==1.7.0","websockets==12.0","werkzeug==3.0.3","wget==3.2","wheel==0.38.4","widgetsnbextension==4.0.9","wrapt==1.15.0","wsproto==1.2.0","wurlitzer==3.1.1","xlsxwriter==3.2.0","xxhash==3.3.0","yarl==1.9.2","yolov5==7.0.12","youtube-dl==2021.12.17","yt-dlp==2024.7.9","zipp==3.17.0","zope.interface==6.0","zstandard==0.19.0"],"message_id":3},"type":"installed_packages"}
{"payload":{"command":["./bench_comet.py","--test_profile","v1-empty"],"env":null,"hostname":"192.168.80.103","ip":"192.168.80.103","machine":"arm64","message_id":4,"os":"macOS-14.4.1-arm64-arm-64bit","os_release":"23.4.0","os_type":"Darwin","pid":54595,"processor":"arm","python_exe":"/Users/brettyoung/miniconda3/bin/python","python_version":"3.10.10","python_version_verbose":"3.10.10 (main, Mar 21 2023, 13:41:05) [Clang 14.0.6 ]","user":"brettyoung"},"type":"system_details"}
{"payload":{"local_timestamp":1721812918203,"message_id":5,"metric":{"epoch":null,"metricName":"sys.cpu.percent.avg","metricValue":16.559999999999995,"step":null}},"type":"metric_msg"}
{"payload":{"local_timestamp":1721812918203,"message_id":6,"metric":{"epoch":null,"metricName":"sys.ram.total","metricValue":17179869184,"step":null}},"type":"metric_msg"}
{"payload":{"local_timestamp":1721812918203,"message_id":7,"metric":{"epoch":null,"metricName":"sys.ram.used","metricValue":13025624064,"step":null}},"type":"metric_msg"}
{"payload":{"local_timestamp":1721812918203,"message_id":8,"metric":{"epoch":null,"metricName":"sys.ram.available","metricValue":4154245120,"step":null}},"type":"metric_msg"}
{"payload":{"local_timestamp":1721812918203,"message_id":9,"metric":{"epoch":null,"metricName":"sys.ram.percent.used","metricValue":75.8,"step":null}},"type":"metric_msg"}
{"payload":{"local_timestamp":1721812918203,"message_id":10,"metric":{"epoch":null,"metricName":"sys.load.avg","metricValue":4.2119140625,"step":null}},"type":"metric_msg"}
{"payload":{"local_timestamp":1721812918203,"message_id":11,"param":{"paramName":"test_profile","paramValue":"v1-empty","source":"cli","step":null}},"type":"parameter_msg"}
{"payload":{"key":"offline_experiment","message_id":12,"value":true},"type":"log_other"}
{"payload":{"local_timestamp":1721812918203,"message_id":13,"output":"\u001b[1;38;5;39mCOMET INFO:\u001b[0m The process of logging environment details (conda environment, git patch) is underway. Please be patient as this may take some time.\n","stderr":true},"type":"standard_output"}
{"payload":{"local_timestamp":1721812918410,"message_id":14,"metric":{"epoch":null,"metricName":"sys.disk.root.used","metricValue":13473939456,"step":null}},"type":"metric_msg"}
{"payload":{"local_timestamp":1721812918410,"message_id":15,"metric":{"epoch":null,"metricName":"sys.disk.root.percent.used","metricValue":13.4,"step":null}},"type":"metric_msg"}
{"payload":{"git_metadata":{"branch":"refs/heads/main","origin":"https://github.com/wandb/wandb.git","parent":"f8fef24786c48bcfbaf4ec67af5d87193d80c2c9","repo_name":"wandb","root":"ea298f5e5df18ad149d39de2a9625d887d445b3d","status":null,"user":"Brett"},"message_id":16},"type":"git_metadata"}
{"payload":{"additional_params":null,"clean":true,"file_path":"tmp6k1qpfae..zip","local_timestamp":1721812919356,"message_id":17,"metadata":{},"upload_type":"git-patch"},"type":"file_upload"}
{"payload":{"additional_params":{"assetId":"d0f511ef446143598a6b2fb0c3ec9007","context":null,"epoch":null,"extension":"yml","fileName":"conda-environment.yml","overwrite":false,"runId":null,"step":null,"type":"conda-environment-definition"},"clean":true,"file_path":"tmpc4jamedd","local_timestamp":1721812926153,"message_id":18,"metadata":{},"upload_type":"conda-environment-definition"},"type":"file_upload"}
{"payload":{"additional_params":{"assetId":"6fef1b970cdc4fda9fde88160bf64664","context":null,"epoch":null,"extension":"txt","fileName":"conda-spec.txt","overwrite":false,"runId":null,"step":null,"type":"conda-specification"},"clean":true,"file_path":"tmpc7b6_xz2","local_timestamp":1721812926621,"message_id":19,"metadata":{},"upload_type":"conda-specification"},"type":"file_upload"}
{"payload":{"additional_params":{"assetId":"cc6f5fa84abf4cf9873b282176d0c665","context":null,"epoch":null,"extension":"yml","fileName":"conda-info.yml","overwrite":false,"runId":null,"step":null,"type":"conda-info"},"clean":true,"file_path":"tmp2ghy1bj8","local_timestamp":1721812927187,"message_id":20,"metadata":{},"upload_type":"conda-info"},"type":"file_upload"}
{"payload":{"local_timestamp":1721812927184,"message_id":21,"output":"\u001b[1;38;5;39mCOMET INFO:\u001b[0m ---------------------------------------------------------------------------------------\n","stderr":true},"type":"standard_output"}
{"payload":{"local_timestamp":1721812927185,"message_id":22,"output":"\u001b[1;38;5;39mCOMET INFO:\u001b[0m Comet.ml OfflineExperiment Summary\n","stderr":true},"type":"standard_output"}
{"payload":{"local_timestamp":1721812927185,"message_id":23,"output":"\u001b[1;38;5;39mCOMET INFO:\u001b[0m ---------------------------------------------------------------------------------------\n","stderr":true},"type":"standard_output"}
{"payload":{"local_timestamp":1721812927185,"message_id":24,"output":"\u001b[1;38;5;39mCOMET INFO:\u001b[0m   Data:\n","stderr":true},"type":"standard_output"}
{"payload":{"local_timestamp":1721812927185,"message_id":25,"output":"\u001b[1;38;5;39mCOMET INFO:\u001b[0m     display_summary_level : 1\n","stderr":true},"type":"standard_output"}
{"payload":{"local_timestamp":1721812927185,"message_id":26,"output":"\u001b[1;38;5;39mCOMET INFO:\u001b[0m     url                   : [OfflineExperiment will get URL after upload]\n","stderr":true},"type":"standard_output"}
{"payload":{"local_timestamp":1721812927185,"message_id":27,"output":"\u001b[1;38;5;39mCOMET INFO:\u001b[0m   Others:\n","stderr":true},"type":"standard_output"}
{"payload":{"local_timestamp":1721812927185,"message_id":28,"output":"\u001b[1;38;5;39mCOMET INFO:\u001b[0m     offline_experiment : True\n","stderr":true},"type":"standard_output"}
{"payload":{"local_timestamp":1721812927185,"message_id":29,"output":"\u001b[1;38;5;39mCOMET INFO:\u001b[0m   Uploads:\n","stderr":true},"type":"standard_output"}
{"payload":{"local_timestamp":1721812927185,"message_id":30,"output":"\u001b[1;38;5;39mCOMET INFO:\u001b[0m     conda-environment-definition : 1\n","stderr":true},"type":"standard_output"}
{"payload":{"local_timestamp":1721812927185,"message_id":31,"output":"\u001b[1;38;5;39mCOMET INFO:\u001b[0m     conda-info                   : 1\n","stderr":true},"type":"standard_output"}
{"payload":{"local_timestamp":1721812927185,"message_id":32,"output":"\u001b[1;38;5;39mCOMET INFO:\u001b[0m     conda-specification          : 1\n","stderr":true},"type":"standard_output"}
{"payload":{"local_timestamp":1721812927185,"message_id":33,"output":"\u001b[1;38;5;39mCOMET INFO:\u001b[0m     environment details          : 1\n","stderr":true},"type":"standard_output"}
{"payload":{"local_timestamp":1721812927185,"message_id":34,"output":"\u001b[1;38;5;39mCOMET INFO:\u001b[0m     filename                     : 1\n","stderr":true},"type":"standard_output"}
{"payload":{"local_timestamp":1721812927185,"message_id":35,"output":"\u001b[1;38;5;39mCOMET INFO:\u001b[0m     git metadata                 : 1\n","stderr":true},"type":"standard_output"}
{"payload":{"local_timestamp":1721812927185,"message_id":36,"output":"\u001b[1;38;5;39mCOMET INFO:\u001b[0m     git-patch (uncompressed)     : 1 (3.36 KB)\n","stderr":true},"type":"standard_output"}
{"payload":{"local_timestamp":1721812927186,"message_id":37,"output":"\u001b[1;38;5;39mCOMET INFO:\u001b[0m     installed packages           : 1\n","stderr":true},"type":"standard_output"}
{"payload":{"local_timestamp":1721812927186,"message_id":38,"output":"\u001b[1;38;5;39mCOMET INFO:\u001b[0m     source_code                  : 1 (4.18 KB)\n","stderr":true},"type":"standard_output"}
{"payload":{"local_timestamp":1721812927186,"message_id":39,"output":"\u001b[1;38;5;39mCOMET INFO:\u001b[0m \n","stderr":true},"type":"standard_output"}
{"payload":{"local_timestamp":1721812927186,"message_id":40,"output":"\u001b[1;38;5;214mCOMET WARNING:\u001b[0m Experiment Name is generated at upload time for Offline Experiments unless set explicitly with Experiment.set_name\n","stderr":true},"type":"standard_output"}
